	0-RawData	1-FilterAndTrim	2-ErrorModel	3.1-Dereplication	3.2-Denoising	4-ESV	5-MultipleSequenceAlignment	6-ChimeraRemoval	7-PreClassification	8-ConsensusClassification	9-Clustering_100	10-TaxaFilter_100	11-MultipletonsFilter_100	12-Subsampling_100	13-Lulu_100	14-RareSeqsFilter_100
AL_2_T1	25531	18461	18461	18461 (5329 uniques)	18098 (142 uniques)	17330 (157 uniques)	17293 (140 uniques)	17154 (132 uniques)	17154 (132 uniques)	17154 (132 uniques)	17154 (132 uniques)	17154 (132 uniques)	17154 (132 uniques)	8000 (127 uniques)	8000 (87 uniques)	7990 (81 uniques)
AL_2_T2	588	/	/	/	/	/	/	/	/	/	/	/	/	/	/	/
AL_2_T3	57767	43907	43907	43907 (9894 uniques)	42974 (226 uniques)	41938 (257 uniques)	41850 (242 uniques)	41574 (211 uniques)	41574 (211 uniques)	41574 (211 uniques)	41574 (211 uniques)	41571 (210 uniques)	41566 (205 uniques)	8000 (168 uniques)	8000 (130 uniques)	7991 (122 uniques)
AL_2_T4	242	/	/	/	/	/	/	/	/	/	/	/	/	/	/	/
AR_2_T1	245	/	/	/	/	/	/	/	/	/	/	/	/	/	/	/
AR_2_T2	30790	23467	23467	23467 (8845 uniques)	22265 (262 uniques)	20993 (290 uniques)	20867 (277 uniques)	20392 (232 uniques)	20392 (232 uniques)	20392 (232 uniques)	20392 (232 uniques)	20392 (232 uniques)	20390 (230 uniques)	8000 (219 uniques)	8000 (184 uniques)	7992 (178 uniques)
AR_2_T3	1385	76	76	76 (68 uniques)	37 (5 uniques)	15 (3 uniques)	15 (3 uniques)	15 (3 uniques)	15 (3 uniques)	15 (3 uniques)	15 (3 uniques)	15 (3 uniques)	15 (3 uniques)	/	/	/
AR_2_T4	506	/	/	/	/	/	/	/	/	/	/	/	/	/	/	/
AW_2_T1	17424	9114	9114	9114 (4402 uniques)	9018 (97 uniques)	8785 (96 uniques)	8665 (91 uniques)	8665 (91 uniques)	8665 (91 uniques)	8665 (91 uniques)	8665 (91 uniques)	8605 (88 uniques)	8605 (88 uniques)	8000 (88 uniques)	8000 (83 uniques)	7998 (82 uniques)
AW_2_T2	33773	24862	24862	24862 (9741 uniques)	23491 (236 uniques)	22296 (208 uniques)	22009 (200 uniques)	21753 (175 uniques)	21753 (175 uniques)	21753 (175 uniques)	21753 (175 uniques)	21748 (173 uniques)	21746 (171 uniques)	8000 (159 uniques)	8000 (141 uniques)	7978 (126 uniques)
AW_2_T3	52951	19286	19286	19286 (8114 uniques)	18240 (299 uniques)	17102 (213 uniques)	16792 (203 uniques)	16792 (203 uniques)	16792 (203 uniques)	16792 (203 uniques)	16792 (203 uniques)	16750 (198 uniques)	16750 (198 uniques)	8000 (184 uniques)	8000 (173 uniques)	7954 (142 uniques)
AW_2_T4	253	/	/	/	/	/	/	/	/	/	/	/	/	/	/	/
CL_2_T1	22150	14105	14105	14105 (6302 uniques)	13902 (120 uniques)	13463 (122 uniques)	8374 (108 uniques)	8374 (108 uniques)	8374 (108 uniques)	8374 (108 uniques)	8374 (108 uniques)	8374 (108 uniques)	8373 (107 uniques)	8000 (107 uniques)	8000 (102 uniques)	8000 (102 uniques)
CL_2_T2	39023	27678	27678	27678 (11000 uniques)	26345 (352 uniques)	24749 (315 uniques)	24408 (302 uniques)	24281 (274 uniques)	24281 (274 uniques)	24281 (274 uniques)	24281 (274 uniques)	24281 (274 uniques)	24276 (269 uniques)	8000 (246 uniques)	8000 (218 uniques)	7977 (202 uniques)
CL_2_T3	993	80	80	80 (74 uniques)	13 (5 uniques)	2 (1 uniques)	2 (1 uniques)	2 (1 uniques)	2 (1 uniques)	2 (1 uniques)	2 (1 uniques)	2 (1 uniques)	2 (1 uniques)	/	/	/
CL_2_T4	603	/	/	/	/	/	/	/	/	/	/	/	/	/	/	/
CR_2_T1	212	/	/	/	/	/	/	/	/	/	/	/	/	/	/	/
CR_2_T2	200	/	/	/	/	/	/	/	/	/	/	/	/	/	/	/
CR_2_T3	59242	41522	41522	41522 (11414 uniques)	40515 (422 uniques)	39366 (358 uniques)	39284 (343 uniques)	39129 (319 uniques)	39129 (319 uniques)	39129 (319 uniques)	39129 (319 uniques)	39081 (314 uniques)	39078 (311 uniques)	8000 (249 uniques)	8000 (226 uniques)	7932 (175 uniques)
CR_2_T4	277	/	/	/	/	/	/	/	/	/	/	/	/	/	/	/
CW_2_T2	299	/	/	/	/	/	/	/	/	/	/	/	/	/	/	/
CW_2_T4	3868	/	/	/	/	/	/	/	/	/	/	/	/	/	/	/
DORCIERR_D_WA_2_TFN	20149	13841	13841	13841 (4756 uniques)	13484 (104 uniques)	13045 (85 uniques)	13020 (83 uniques)	12885 (77 uniques)	12885 (77 uniques)	12885 (77 uniques)	12885 (77 uniques)	12885 (77 uniques)	12885 (77 uniques)	8000 (76 uniques)	8000 (69 uniques)	7995 (66 uniques)
D_CC_1_T0D	32709	23662	23662	23662 (10559 uniques)	22478 (227 uniques)	21384 (196 uniques)	21346 (186 uniques)	21276 (176 uniques)	21276 (176 uniques)	21276 (176 uniques)	21276 (176 uniques)	20926 (167 uniques)	20926 (167 uniques)	8000 (158 uniques)	8000 (144 uniques)	7991 (137 uniques)
D_CC_1_T0N	55993	36967	36967	36967 (15014 uniques)	35267 (381 uniques)	33568 (326 uniques)	33568 (319 uniques)	33419 (295 uniques)	33419 (295 uniques)	33419 (295 uniques)	33419 (295 uniques)	33198 (285 uniques)	33196 (283 uniques)	8000 (247 uniques)	8000 (224 uniques)	7967 (200 uniques)
D_CC_1_TFD	32964	23070	23070	23070 (8784 uniques)	22499 (175 uniques)	21783 (169 uniques)	21783 (166 uniques)	21649 (152 uniques)	21649 (152 uniques)	21649 (152 uniques)	21649 (152 uniques)	21613 (149 uniques)	21613 (149 uniques)	8000 (136 uniques)	8000 (120 uniques)	7993 (115 uniques)
D_CC_1_TFN	35597	24214	24214	24214 (8427 uniques)	23561 (185 uniques)	22840 (162 uniques)	22778 (158 uniques)	22610 (149 uniques)	22610 (149 uniques)	22610 (149 uniques)	22610 (149 uniques)	22560 (146 uniques)	22558 (144 uniques)	8000 (137 uniques)	8000 (127 uniques)	7998 (125 uniques)
D_CC_2_T0D	31322	22380	22380	22380 (10546 uniques)	21188 (247 uniques)	20108 (212 uniques)	20090 (203 uniques)	20017 (192 uniques)	20017 (192 uniques)	20017 (192 uniques)	20017 (192 uniques)	19557 (174 uniques)	19557 (174 uniques)	8000 (167 uniques)	8000 (153 uniques)	7989 (146 uniques)
D_CC_2_T0N	39440	25958	25958	25958 (11021 uniques)	24565 (293 uniques)	23305 (247 uniques)	23305 (242 uniques)	23219 (225 uniques)	23219 (225 uniques)	23219 (225 uniques)	23219 (225 uniques)	23041 (216 uniques)	23040 (215 uniques)	8000 (194 uniques)	8000 (184 uniques)	7977 (166 uniques)
D_CC_2_TFD	37594	26997	26997	26997 (9488 uniques)	26383 (164 uniques)	25647 (169 uniques)	25647 (166 uniques)	25445 (143 uniques)	25445 (143 uniques)	25445 (143 uniques)	25445 (143 uniques)	25431 (141 uniques)	25431 (141 uniques)	8000 (129 uniques)	8000 (109 uniques)	7992 (103 uniques)
D_CC_2_TFN	32263	21726	21726	21726 (8754 uniques)	20988 (188 uniques)	20226 (167 uniques)	20147 (164 uniques)	20007 (152 uniques)	20007 (152 uniques)	20007 (152 uniques)	20007 (152 uniques)	19937 (147 uniques)	19937 (147 uniques)	8000 (143 uniques)	8000 (133 uniques)	7994 (129 uniques)
D_CC_3_TFD	44727	31357	31357	31357 (11093 uniques)	30640 (199 uniques)	29720 (204 uniques)	29720 (199 uniques)	29512 (176 uniques)	29512 (176 uniques)	29512 (176 uniques)	29512 (176 uniques)	29502 (174 uniques)	29501 (173 uniques)	8000 (151 uniques)	8000 (128 uniques)	7995 (125 uniques)
D_CC_3_TFN	40075	25784	25784	25784 (10000 uniques)	24956 (214 uniques)	23913 (183 uniques)	23863 (176 uniques)	23716 (169 uniques)	23716 (169 uniques)	23716 (169 uniques)	23716 (169 uniques)	23652 (165 uniques)	23650 (163 uniques)	8000 (154 uniques)	8000 (146 uniques)	7993 (142 uniques)
D_CC_4_TFD	28569	20929	20929	20929 (7884 uniques)	20360 (156 uniques)	19768 (150 uniques)	19768 (145 uniques)	19690 (133 uniques)	19690 (133 uniques)	19690 (133 uniques)	19690 (133 uniques)	19652 (129 uniques)	19652 (129 uniques)	8000 (124 uniques)	8000 (109 uniques)	7999 (108 uniques)
D_CC_4_TFN	45066	32388	32388	32388 (9868 uniques)	31689 (184 uniques)	31011 (172 uniques)	30958 (169 uniques)	30658 (152 uniques)	30658 (152 uniques)	30658 (152 uniques)	30658 (152 uniques)	30627 (149 uniques)	30627 (149 uniques)	8000 (132 uniques)	8000 (116 uniques)	7995 (112 uniques)
D_DT_1_T0D	30951	21235	21235	21235 (9625 uniques)	19919 (227 uniques)	18507 (182 uniques)	18507 (178 uniques)	18403 (161 uniques)	18403 (161 uniques)	18403 (161 uniques)	18403 (161 uniques)	18202 (154 uniques)	18202 (154 uniques)	8000 (148 uniques)	8000 (138 uniques)	7980 (126 uniques)
D_DT_1_T0N	43908	30437	30437	30437 (13172 uniques)	28879 (327 uniques)	27364 (275 uniques)	27336 (266 uniques)	27230 (250 uniques)	27230 (250 uniques)	27230 (250 uniques)	27230 (250 uniques)	27154 (246 uniques)	27154 (246 uniques)	8000 (222 uniques)	8000 (203 uniques)	7973 (182 uniques)
D_DT_1_TFN	49704	34643	34643	34643 (12597 uniques)	33810 (253 uniques)	32566 (232 uniques)	32522 (222 uniques)	32412 (208 uniques)	32412 (208 uniques)	32412 (208 uniques)	32412 (208 uniques)	32342 (202 uniques)	32340 (200 uniques)	8000 (177 uniques)	8000 (152 uniques)	7986 (141 uniques)
D_DT_2_T0D	41513	29116	29116	29116 (12666 uniques)	27434 (303 uniques)	25528 (228 uniques)	25491 (222 uniques)	25384 (204 uniques)	25384 (204 uniques)	25384 (204 uniques)	25384 (204 uniques)	25225 (195 uniques)	25225 (195 uniques)	8000 (176 uniques)	8000 (161 uniques)	7979 (146 uniques)
D_DT_2_T0N	31139	20713	20713	20713 (9451 uniques)	19402 (286 uniques)	18177 (234 uniques)	18177 (227 uniques)	18139 (213 uniques)	18139 (213 uniques)	18139 (213 uniques)	18139 (213 uniques)	18046 (207 uniques)	18046 (207 uniques)	8000 (195 uniques)	8000 (185 uniques)	7976 (167 uniques)
D_DT_2_TFD	25173	17789	17789	17789 (6796 uniques)	17272 (138 uniques)	16699 (117 uniques)	16699 (114 uniques)	16667 (107 uniques)	16667 (107 uniques)	16667 (107 uniques)	16667 (107 uniques)	16622 (103 uniques)	16622 (103 uniques)	8000 (101 uniques)	8000 (94 uniques)	7991 (88 uniques)
D_DT_2_TFN	26814	19668	19668	19668 (7886 uniques)	19113 (171 uniques)	18457 (168 uniques)	18457 (163 uniques)	18391 (154 uniques)	18391 (154 uniques)	18391 (154 uniques)	18391 (154 uniques)	18357 (151 uniques)	18357 (151 uniques)	8000 (145 uniques)	8000 (134 uniques)	7982 (121 uniques)
D_DT_3_TFD	37037	26068	26068	26068 (9544 uniques)	25451 (176 uniques)	24662 (170 uniques)	24655 (165 uniques)	24525 (152 uniques)	24525 (152 uniques)	24525 (152 uniques)	24525 (152 uniques)	24461 (145 uniques)	24461 (145 uniques)	8000 (134 uniques)	8000 (118 uniques)	7995 (114 uniques)
D_DT_3_TFN	37578	28071	28071	28071 (10684 uniques)	27323 (225 uniques)	26380 (211 uniques)	26346 (200 uniques)	26237 (186 uniques)	26237 (186 uniques)	26237 (186 uniques)	26237 (186 uniques)	26188 (182 uniques)	26187 (181 uniques)	8000 (165 uniques)	8000 (149 uniques)	7993 (144 uniques)
D_DT_4_TFD	23732	16941	16941	16941 (6223 uniques)	16554 (148 uniques)	15885 (134 uniques)	15885 (131 uniques)	15821 (121 uniques)	15821 (121 uniques)	15821 (121 uniques)	15821 (121 uniques)	15806 (118 uniques)	15806 (118 uniques)	8000 (117 uniques)	8000 (107 uniques)	7996 (104 uniques)
D_DT_4_TFN	37190	26994	26994	26994 (10463 uniques)	26184 (217 uniques)	25230 (206 uniques)	25230 (198 uniques)	25117 (186 uniques)	25117 (186 uniques)	25117 (186 uniques)	25117 (186 uniques)	25087 (183 uniques)	25087 (183 uniques)	8000 (170 uniques)	8000 (147 uniques)	7983 (135 uniques)
D_IN_1_T0D	38653	26950	26950	26950 (13401 uniques)	24979 (307 uniques)	23320 (256 uniques)	23320 (244 uniques)	23229 (222 uniques)	23229 (222 uniques)	23229 (222 uniques)	23229 (222 uniques)	21929 (202 uniques)	21929 (202 uniques)	8000 (183 uniques)	8000 (170 uniques)	7974 (151 uniques)
D_IN_1_T0N	36264	25993	25993	25993 (11109 uniques)	24027 (424 uniques)	22275 (327 uniques)	22273 (319 uniques)	22214 (305 uniques)	22214 (305 uniques)	22214 (305 uniques)	22214 (305 uniques)	21845 (285 uniques)	21844 (284 uniques)	8000 (271 uniques)	8000 (251 uniques)	7958 (217 uniques)
D_IN_2_T0D	36639	25888	25888	25888 (12297 uniques)	24121 (302 uniques)	22691 (247 uniques)	22689 (234 uniques)	22662 (223 uniques)	22662 (223 uniques)	22662 (223 uniques)	22662 (223 uniques)	21536 (203 uniques)	21536 (203 uniques)	8000 (185 uniques)	8000 (174 uniques)	7972 (155 uniques)
D_IN_2_T0N	26336	17922	17922	17922 (8353 uniques)	16388 (274 uniques)	15159 (220 uniques)	15157 (210 uniques)	15122 (201 uniques)	15122 (201 uniques)	15122 (201 uniques)	15122 (201 uniques)	14855 (192 uniques)	14855 (192 uniques)	8000 (187 uniques)	8000 (171 uniques)	7979 (158 uniques)
D_OF_1_T0D	33990	23386	23386	23386 (10142 uniques)	22361 (310 uniques)	21000 (266 uniques)	21000 (259 uniques)	20867 (235 uniques)	20867 (235 uniques)	20867 (235 uniques)	20867 (235 uniques)	20347 (216 uniques)	20347 (216 uniques)	8000 (203 uniques)	8000 (185 uniques)	7976 (168 uniques)
D_OF_1_T0N	34325	24858	24858	24858 (10949 uniques)	24046 (283 uniques)	22819 (260 uniques)	22819 (247 uniques)	22689 (236 uniques)	22689 (236 uniques)	22689 (236 uniques)	22689 (236 uniques)	22472 (223 uniques)	22472 (223 uniques)	8000 (211 uniques)	8000 (195 uniques)	7977 (179 uniques)
D_OF_2_T0D	39264	25034	25034	25034 (10772 uniques)	23967 (270 uniques)	22769 (244 uniques)	22769 (235 uniques)	22656 (215 uniques)	22656 (215 uniques)	22656 (215 uniques)	22656 (215 uniques)	21943 (190 uniques)	21943 (190 uniques)	8000 (183 uniques)	8000 (172 uniques)	7978 (156 uniques)
D_OF_2_T0N	34671	24135	24135	24135 (10504 uniques)	23492 (254 uniques)	22061 (235 uniques)	22060 (227 uniques)	21949 (210 uniques)	21949 (210 uniques)	21949 (210 uniques)	21949 (210 uniques)	21878 (204 uniques)	21876 (202 uniques)	8000 (194 uniques)	8000 (172 uniques)	7986 (160 uniques)
D_PL_1_T0D	37043	23972	23972	23972 (10839 uniques)	22611 (238 uniques)	21382 (195 uniques)	21382 (189 uniques)	21366 (185 uniques)	21366 (185 uniques)	21366 (185 uniques)	21366 (185 uniques)	20872 (174 uniques)	20872 (174 uniques)	8000 (164 uniques)	8000 (152 uniques)	7993 (147 uniques)
D_PL_1_T0N	34832	24171	24171	24171 (11542 uniques)	22521 (340 uniques)	21233 (336 uniques)	21233 (319 uniques)	21178 (298 uniques)	21178 (298 uniques)	21178 (298 uniques)	21178 (298 uniques)	20666 (283 uniques)	20664 (281 uniques)	8000 (264 uniques)	8000 (224 uniques)	7979 (210 uniques)
D_PL_1_TFD	35206	26000	26000	26000 (10153 uniques)	25122 (208 uniques)	24190 (208 uniques)	24190 (202 uniques)	23918 (184 uniques)	23918 (184 uniques)	23918 (184 uniques)	23918 (184 uniques)	23858 (179 uniques)	23858 (179 uniques)	8000 (168 uniques)	8000 (150 uniques)	7993 (146 uniques)
D_PL_1_TFN	48762	32464	32464	32464 (9764 uniques)	31797 (197 uniques)	31001 (190 uniques)	30967 (184 uniques)	30859 (166 uniques)	30859 (166 uniques)	30859 (166 uniques)	30859 (166 uniques)	30841 (164 uniques)	30841 (164 uniques)	8000 (151 uniques)	8000 (134 uniques)	7994 (129 uniques)
D_PL_2_T0D	30040	20965	20965	20965 (9395 uniques)	19857 (235 uniques)	18663 (193 uniques)	18663 (185 uniques)	18597 (173 uniques)	18597 (173 uniques)	18597 (173 uniques)	18597 (173 uniques)	18275 (162 uniques)	18275 (162 uniques)	8000 (156 uniques)	8000 (141 uniques)	7991 (134 uniques)
D_PL_2_T0N	50545	29294	29294	29294 (13923 uniques)	27354 (395 uniques)	25722 (362 uniques)	25722 (339 uniques)	25689 (324 uniques)	25689 (324 uniques)	25689 (324 uniques)	25689 (324 uniques)	24727 (299 uniques)	24726 (298 uniques)	8000 (268 uniques)	8000 (229 uniques)	7972 (207 uniques)
D_PL_2_TFD	33031	23738	23738	23738 (9565 uniques)	22892 (209 uniques)	21955 (192 uniques)	21955 (186 uniques)	21724 (165 uniques)	21724 (165 uniques)	21724 (165 uniques)	21724 (165 uniques)	21665 (162 uniques)	21665 (162 uniques)	8000 (158 uniques)	8000 (141 uniques)	7988 (133 uniques)
D_PL_2_TFN	49646	32627	32627	32627 (10051 uniques)	32009 (189 uniques)	31004 (171 uniques)	30979 (166 uniques)	30776 (144 uniques)	30776 (144 uniques)	30776 (144 uniques)	30776 (144 uniques)	30768 (143 uniques)	30768 (143 uniques)	8000 (136 uniques)	8000 (123 uniques)	7996 (120 uniques)
D_PL_3_TFD	41068	29927	29927	29927 (11486 uniques)	29059 (233 uniques)	28009 (247 uniques)	28009 (240 uniques)	27736 (209 uniques)	27736 (209 uniques)	27736 (209 uniques)	27736 (209 uniques)	27678 (205 uniques)	27676 (203 uniques)	8000 (189 uniques)	8000 (161 uniques)	7995 (156 uniques)
D_PL_4_TFD	43623	31239	31239	31239 (11430 uniques)	30325 (245 uniques)	29153 (236 uniques)	29153 (228 uniques)	28789 (201 uniques)	28789 (201 uniques)	28789 (201 uniques)	28789 (201 uniques)	28733 (196 uniques)	28732 (195 uniques)	8000 (180 uniques)	8000 (158 uniques)	7982 (147 uniques)
D_PL_4_TFN	46209	32200	32200	32200 (9045 uniques)	31674 (178 uniques)	31014 (175 uniques)	31014 (169 uniques)	30816 (147 uniques)	30816 (147 uniques)	30816 (147 uniques)	30816 (147 uniques)	30802 (143 uniques)	30802 (143 uniques)	8000 (127 uniques)	8000 (113 uniques)	7994 (108 uniques)
D_PV_1_T0D	42461	30633	30633	30633 (10962 uniques)	29572 (241 uniques)	28537 (213 uniques)	28526 (206 uniques)	28391 (186 uniques)	28391 (186 uniques)	28391 (186 uniques)	28391 (186 uniques)	28168 (179 uniques)	28168 (179 uniques)	8000 (160 uniques)	8000 (146 uniques)	7994 (142 uniques)
D_PV_1_T0N	40792	25319	25319	25319 (11586 uniques)	23539 (372 uniques)	21847 (286 uniques)	21847 (282 uniques)	21811 (267 uniques)	21811 (267 uniques)	21811 (267 uniques)	21811 (267 uniques)	21486 (260 uniques)	21486 (260 uniques)	8000 (248 uniques)	8000 (232 uniques)	7965 (207 uniques)
D_PV_1_TFD	47073	35148	35148	35148 (11841 uniques)	34252 (229 uniques)	33033 (266 uniques)	33033 (259 uniques)	32425 (201 uniques)	32425 (201 uniques)	32425 (201 uniques)	32425 (201 uniques)	32410 (199 uniques)	32408 (197 uniques)	8000 (174 uniques)	8000 (151 uniques)	7988 (142 uniques)
D_PV_1_TFN	35263	23823	23823	23823 (6295 uniques)	23362 (134 uniques)	22824 (129 uniques)	22761 (127 uniques)	22606 (114 uniques)	22606 (114 uniques)	22606 (114 uniques)	22606 (114 uniques)	22606 (114 uniques)	22605 (113 uniques)	8000 (105 uniques)	8000 (89 uniques)	7998 (88 uniques)
D_PV_2_T0D	43063	31459	31459	31459 (12246 uniques)	30336 (240 uniques)	29239 (227 uniques)	29239 (215 uniques)	29110 (196 uniques)	29110 (196 uniques)	29110 (196 uniques)	29110 (196 uniques)	28853 (188 uniques)	28852 (187 uniques)	8000 (166 uniques)	8000 (150 uniques)	7995 (145 uniques)
D_PV_2_T0N	28634	19309	19309	19309 (8805 uniques)	18009 (323 uniques)	16755 (260 uniques)	16684 (255 uniques)	16649 (244 uniques)	16649 (244 uniques)	16649 (244 uniques)	16649 (244 uniques)	16386 (230 uniques)	16386 (230 uniques)	8000 (221 uniques)	8000 (212 uniques)	7974 (193 uniques)
D_PV_2_TFD	40517	27881	27881	27881 (10288 uniques)	27230 (202 uniques)	26227 (197 uniques)	26227 (191 uniques)	26049 (171 uniques)	26049 (171 uniques)	26049 (171 uniques)	26049 (171 uniques)	26015 (165 uniques)	26014 (164 uniques)	8000 (151 uniques)	8000 (138 uniques)	7988 (130 uniques)
D_PV_2_TFN_SA503_SC704	31453	21613	21613	21613 (7425 uniques)	21113 (187 uniques)	20213 (147 uniques)	20122 (143 uniques)	20096 (137 uniques)	20096 (137 uniques)	20096 (137 uniques)	20096 (137 uniques)	20069 (134 uniques)	20069 (134 uniques)	8000 (132 uniques)	8000 (128 uniques)	7991 (122 uniques)
D_PV_2_TFN_SA504_SC704	25048	16648	16648	16648 (6558 uniques)	16124 (152 uniques)	15447 (140 uniques)	15262 (135 uniques)	15253 (132 uniques)	15253 (132 uniques)	15253 (132 uniques)	15253 (132 uniques)	15226 (129 uniques)	15226 (129 uniques)	8000 (127 uniques)	8000 (120 uniques)	7997 (118 uniques)
D_PV_3_TFD	37557	27566	27566	27566 (9859 uniques)	26922 (198 uniques)	26170 (207 uniques)	26170 (200 uniques)	25899 (175 uniques)	25899 (175 uniques)	25899 (175 uniques)	25899 (175 uniques)	25879 (171 uniques)	25879 (171 uniques)	8000 (155 uniques)	8000 (140 uniques)	7993 (134 uniques)
D_PV_4_TFD	12837	9039	9039	9039 (3282 uniques)	8729 (113 uniques)	8200 (116 uniques)	8200 (112 uniques)	8024 (94 uniques)	8024 (94 uniques)	8024 (94 uniques)	8024 (94 uniques)	8024 (94 uniques)	8023 (93 uniques)	8000 (93 uniques)	8000 (78 uniques)	8000 (78 uniques)
D_PV_4_TFN	40970	28473	28473	28473 (8020 uniques)	28008 (151 uniques)	27385 (137 uniques)	27329 (134 uniques)	27158 (124 uniques)	27158 (124 uniques)	27158 (124 uniques)	27158 (124 uniques)	27156 (123 uniques)	27155 (122 uniques)	8000 (110 uniques)	8000 (98 uniques)	7995 (95 uniques)
D_TR_1_T0D	36194	25319	25319	25319 (12272 uniques)	23691 (297 uniques)	22146 (246 uniques)	22146 (229 uniques)	22105 (218 uniques)	22105 (218 uniques)	22105 (218 uniques)	22105 (218 uniques)	21405 (204 uniques)	21405 (204 uniques)	8000 (192 uniques)	8000 (178 uniques)	7981 (165 uniques)
D_TR_1_T0N	35174	24560	24560	24560 (9263 uniques)	23616 (200 uniques)	22726 (175 uniques)	22686 (166 uniques)	22553 (151 uniques)	22553 (151 uniques)	22553 (151 uniques)	22553 (151 uniques)	22503 (147 uniques)	22503 (147 uniques)	8000 (133 uniques)	8000 (114 uniques)	7985 (102 uniques)
D_TR_1_TFD	32992	23865	23865	23865 (9100 uniques)	23114 (199 uniques)	22326 (193 uniques)	22326 (187 uniques)	22184 (170 uniques)	22184 (170 uniques)	22184 (170 uniques)	22184 (170 uniques)	22104 (162 uniques)	22104 (162 uniques)	8000 (156 uniques)	8000 (138 uniques)	7994 (134 uniques)
D_TR_1_TFN	24831	17558	17558	17558 (5381 uniques)	17286 (97 uniques)	16931 (93 uniques)	16915 (88 uniques)	16790 (82 uniques)	16790 (82 uniques)	16790 (82 uniques)	16790 (82 uniques)	16790 (82 uniques)	16789 (81 uniques)	8000 (79 uniques)	8000 (71 uniques)	7998 (70 uniques)
D_TR_2_T0D	41227	30234	30234	30234 (14210 uniques)	28412 (326 uniques)	26727 (291 uniques)	26727 (271 uniques)	26636 (255 uniques)	26636 (255 uniques)	26636 (255 uniques)	26636 (255 uniques)	26071 (243 uniques)	26071 (243 uniques)	8000 (223 uniques)	8000 (203 uniques)	7985 (192 uniques)
D_TR_2_T0N	44524	31041	31041	31041 (11706 uniques)	29771 (243 uniques)	28579 (204 uniques)	28563 (196 uniques)	28420 (177 uniques)	28420 (177 uniques)	28420 (177 uniques)	28420 (177 uniques)	28418 (176 uniques)	28417 (175 uniques)	8000 (154 uniques)	8000 (135 uniques)	7984 (120 uniques)
D_TR_2_TFD	24560	17816	17816	17816 (6996 uniques)	17202 (175 uniques)	16648 (175 uniques)	16648 (170 uniques)	16523 (149 uniques)	16523 (149 uniques)	16523 (149 uniques)	16523 (149 uniques)	16426 (143 uniques)	16426 (143 uniques)	8000 (139 uniques)	8000 (124 uniques)	7989 (117 uniques)
D_TR_2_TFN	34595	23325	23325	23325 (8276 uniques)	22808 (159 uniques)	22048 (139 uniques)	22012 (134 uniques)	21890 (127 uniques)	21890 (127 uniques)	21890 (127 uniques)	21890 (127 uniques)	21850 (121 uniques)	21850 (121 uniques)	8000 (115 uniques)	8000 (104 uniques)	7987 (95 uniques)
D_TR_3_TFD	36062	25277	25277	25277 (9409 uniques)	24588 (192 uniques)	23816 (191 uniques)	23816 (186 uniques)	23702 (177 uniques)	23702 (177 uniques)	23702 (177 uniques)	23702 (177 uniques)	23673 (172 uniques)	23673 (172 uniques)	8000 (159 uniques)	8000 (139 uniques)	7990 (131 uniques)
D_TR_3_TFN	31183	21593	21593	21593 (8687 uniques)	20829 (187 uniques)	20034 (171 uniques)	20034 (166 uniques)	19808 (150 uniques)	19808 (150 uniques)	19808 (150 uniques)	19808 (150 uniques)	19784 (147 uniques)	19784 (147 uniques)	8000 (144 uniques)	8000 (128 uniques)	7994 (124 uniques)
D_TR_4_TFD	31735	22915	22915	22915 (8533 uniques)	22309 (174 uniques)	21509 (160 uniques)	21509 (154 uniques)	21422 (144 uniques)	21422 (144 uniques)	21422 (144 uniques)	21422 (144 uniques)	21404 (140 uniques)	21403 (139 uniques)	8000 (128 uniques)	8000 (111 uniques)	7997 (108 uniques)
D_TR_4_TFN	45210	32982	32982	32982 (11186 uniques)	32247 (199 uniques)	31360 (183 uniques)	31320 (177 uniques)	31116 (162 uniques)	31116 (162 uniques)	31116 (162 uniques)	31116 (162 uniques)	31102 (159 uniques)	31102 (159 uniques)	8000 (148 uniques)	8000 (131 uniques)	7983 (115 uniques)
D_WA_1_T0D	33087	22842	22842	22842 (10563 uniques)	21653 (238 uniques)	20545 (204 uniques)	20542 (195 uniques)	20502 (191 uniques)	20502 (191 uniques)	20502 (191 uniques)	20502 (191 uniques)	20143 (181 uniques)	20143 (181 uniques)	8000 (171 uniques)	8000 (156 uniques)	7992 (151 uniques)
D_WA_1_T0N	38979	27891	27891	27891 (11992 uniques)	26563 (290 uniques)	25317 (256 uniques)	25317 (241 uniques)	25240 (230 uniques)	25240 (230 uniques)	25240 (230 uniques)	25240 (230 uniques)	24905 (219 uniques)	24905 (219 uniques)	8000 (206 uniques)	8000 (185 uniques)	7982 (171 uniques)
D_WA_1_TFD	32950	24120	24120	24120 (10015 uniques)	23282 (215 uniques)	22366 (203 uniques)	22331 (198 uniques)	22305 (192 uniques)	22305 (192 uniques)	22305 (192 uniques)	22305 (192 uniques)	22292 (190 uniques)	22292 (190 uniques)	8000 (182 uniques)	8000 (163 uniques)	7985 (152 uniques)
D_WA_1_TFN	34345	24088	24088	24088 (8000 uniques)	23557 (147 uniques)	22869 (132 uniques)	22829 (129 uniques)	22577 (121 uniques)	22577 (121 uniques)	22577 (121 uniques)	22577 (121 uniques)	22567 (120 uniques)	22567 (120 uniques)	8000 (118 uniques)	8000 (110 uniques)	7994 (106 uniques)
D_WA_2_T0D	40307	28272	28272	28272 (13793 uniques)	26892 (290 uniques)	25718 (286 uniques)	25718 (271 uniques)	25662 (258 uniques)	25662 (258 uniques)	25662 (258 uniques)	25662 (258 uniques)	25075 (241 uniques)	25074 (240 uniques)	8000 (227 uniques)	8000 (199 uniques)	7987 (189 uniques)
D_WA_2_T0N	32328	22529	22529	22529 (9505 uniques)	21370 (245 uniques)	20390 (222 uniques)	20390 (212 uniques)	20273 (193 uniques)	20273 (193 uniques)	20273 (193 uniques)	20273 (193 uniques)	20164 (185 uniques)	20164 (185 uniques)	8000 (175 uniques)	8000 (164 uniques)	7975 (147 uniques)
D_WA_2_TFD	38705	29037	29037	29037 (11762 uniques)	28091 (229 uniques)	27057 (234 uniques)	27024 (226 uniques)	26822 (200 uniques)	26822 (200 uniques)	26822 (200 uniques)	26822 (200 uniques)	26782 (195 uniques)	26782 (195 uniques)	8000 (177 uniques)	8000 (149 uniques)	7988 (140 uniques)
D_WA_3_TFD	38800	27741	27741	27741 (11633 uniques)	26841 (241 uniques)	25634 (223 uniques)	25634 (218 uniques)	25441 (200 uniques)	25441 (200 uniques)	25441 (200 uniques)	25441 (200 uniques)	25354 (191 uniques)	25354 (191 uniques)	8000 (177 uniques)	8000 (156 uniques)	7989 (149 uniques)
D_WA_3_TFN	38698	26500	26500	26500 (8450 uniques)	25996 (158 uniques)	25372 (144 uniques)	25346 (141 uniques)	25083 (129 uniques)	25083 (129 uniques)	25083 (129 uniques)	25083 (129 uniques)	25077 (128 uniques)	25077 (128 uniques)	8000 (122 uniques)	8000 (110 uniques)	7993 (104 uniques)
D_WA_4_TFD	30483	22895	22895	22895 (9913 uniques)	22078 (215 uniques)	21188 (212 uniques)	21156 (205 uniques)	21087 (192 uniques)	21087 (192 uniques)	21087 (192 uniques)	21087 (192 uniques)	21069 (190 uniques)	21069 (190 uniques)	8000 (181 uniques)	8000 (158 uniques)	7989 (151 uniques)
D_WA_4_TFN_SA503_SC703	22406	15271	15271	15271 (5071 uniques)	14834 (118 uniques)	14423 (101 uniques)	14423 (98 uniques)	14402 (94 uniques)	14402 (94 uniques)	14402 (94 uniques)	14402 (94 uniques)	14402 (94 uniques)	14402 (94 uniques)	8000 (92 uniques)	8000 (89 uniques)	7995 (85 uniques)
D_WA_4_TFN_SA504_SC703	18806	12781	12781	12781 (4770 uniques)	12436 (117 uniques)	12054 (98 uniques)	12054 (97 uniques)	11985 (94 uniques)	11985 (94 uniques)	11985 (94 uniques)	11985 (94 uniques)	11985 (94 uniques)	11985 (94 uniques)	8000 (92 uniques)	8000 (88 uniques)	7995 (85 uniques)
Dorcierr_D_DT_1_TFD	21206	14967	14967	14967 (6082 uniques)	14489 (128 uniques)	13837 (109 uniques)	13837 (105 uniques)	13796 (99 uniques)	13796 (99 uniques)	13796 (99 uniques)	13796 (99 uniques)	13771 (96 uniques)	13771 (96 uniques)	8000 (96 uniques)	8000 (92 uniques)	7993 (88 uniques)
Dorcierr_unlabeled_SC505_SA709	44995	31939	31939	31939 (15002 uniques)	30600 (335 uniques)	28978 (275 uniques)	28978 (269 uniques)	28904 (253 uniques)	28904 (253 uniques)	28904 (253 uniques)	28904 (253 uniques)	28604 (243 uniques)	28603 (242 uniques)	8000 (214 uniques)	8000 (196 uniques)	7974 (175 uniques)
Dorcierr_unlabeled_SC505_SA710	37356	26115	26115	26115 (13091 uniques)	25190 (348 uniques)	23864 (296 uniques)	23859 (289 uniques)	23811 (280 uniques)	23811 (280 uniques)	23811 (280 uniques)	23811 (280 uniques)	23038 (263 uniques)	23037 (262 uniques)	8000 (245 uniques)	8000 (225 uniques)	7950 (190 uniques)
INTFlag01	40432	28511	28511	28511 (14782 uniques)	24550 (632 uniques)	21709 (595 uniques)	21707 (553 uniques)	21580 (523 uniques)	21580 (523 uniques)	21580 (523 uniques)	21580 (523 uniques)	20601 (493 uniques)	20597 (489 uniques)	8000 (455 uniques)	8000 (344 uniques)	7930 (298 uniques)
INTFlag02	39419	27624	27624	27624 (14649 uniques)	24419 (607 uniques)	21491 (545 uniques)	21468 (509 uniques)	21437 (497 uniques)	21437 (497 uniques)	21437 (497 uniques)	21437 (497 uniques)	19821 (467 uniques)	19818 (464 uniques)	8000 (434 uniques)	8000 (364 uniques)	7914 (308 uniques)
INTFlag03	169	/	/	/	/	/	/	/	/	/	/	/	/	/	/	/
INTFlag04	140	/	/	/	/	/	/	/	/	/	/	/	/	/	/	/
INTFlag05	210	/	/	/	/	/	/	/	/	/	/	/	/	/	/	/
INTFlag06	163	/	/	/	/	/	/	/	/	/	/	/	/	/	/	/
INTFlag15	190	/	/	/	/	/	/	/	/	/	/	/	/	/	/	/
INTFlag16	157	/	/	/	/	/	/	/	/	/	/	/	/	/	/	/
INTFlag17	54842	38036	38036	38036 (19411 uniques)	32863 (962 uniques)	27523 (754 uniques)	27516 (715 uniques)	27370 (692 uniques)	27370 (692 uniques)	27370 (692 uniques)	27370 (692 uniques)	26484 (662 uniques)	26475 (653 uniques)	8000 (593 uniques)	8000 (509 uniques)	7856 (406 uniques)
INTFlag18	132	/	/	/	/	/	/	/	/	/	/	/	/	/	/	/
INTFlag19	96	/	/	/	/	/	/	/	/	/	/	/	/	/	/	/
INTFlag20	40971	28273	28273	28273 (15320 uniques)	24134 (651 uniques)	20713 (569 uniques)	20693 (536 uniques)	20638 (515 uniques)	20638 (515 uniques)	20638 (515 uniques)	20638 (515 uniques)	19624 (483 uniques)	19622 (481 uniques)	8000 (453 uniques)	8000 (364 uniques)	7942 (324 uniques)
M1ALT1	958	/	/	/	/	/	/	/	/	/	/	/	/	/	/	/
M1ALT2	30336	21843	21843	21843 (7944 uniques)	21188 (200 uniques)	20191 (195 uniques)	19670 (186 uniques)	19546 (169 uniques)	19546 (169 uniques)	19546 (169 uniques)	19546 (169 uniques)	19546 (169 uniques)	19546 (169 uniques)	8000 (164 uniques)	8000 (143 uniques)	7989 (136 uniques)
M1ALT3	32892	22753	22753	22753 (9956 uniques)	21493 (283 uniques)	20054 (242 uniques)	16887 (225 uniques)	16751 (217 uniques)	16751 (217 uniques)	16751 (217 uniques)	16751 (217 uniques)	16739 (216 uniques)	16739 (216 uniques)	8000 (208 uniques)	8000 (190 uniques)	7971 (171 uniques)
M1ALT4	1638	89	89	89 (70 uniques)	55 (5 uniques)	13 (1 uniques)	13 (1 uniques)	13 (1 uniques)	13 (1 uniques)	13 (1 uniques)	13 (1 uniques)	13 (1 uniques)	13 (1 uniques)	/	/	/
M1ART1	640	/	/	/	/	/	/	/	/	/	/	/	/	/	/	/
M1ART2	33104	23532	23532	23532 (10272 uniques)	21628 (443 uniques)	19569 (367 uniques)	16524 (350 uniques)	16416 (329 uniques)	16416 (329 uniques)	16416 (329 uniques)	16416 (329 uniques)	16379 (322 uniques)	16378 (321 uniques)	8000 (308 uniques)	8000 (290 uniques)	7967 (267 uniques)
M1ART3	49218	32703	32703	32703 (16785 uniques)	30137 (503 uniques)	27433 (395 uniques)	26387 (377 uniques)	26231 (353 uniques)	26231 (353 uniques)	26231 (353 uniques)	26231 (353 uniques)	26220 (351 uniques)	26220 (351 uniques)	8000 (319 uniques)	8000 (294 uniques)	7950 (257 uniques)
M1ART4	1611	209	209	209 (162 uniques)	140 (14 uniques)	70 (10 uniques)	70 (10 uniques)	70 (10 uniques)	70 (10 uniques)	70 (10 uniques)	70 (10 uniques)	66 (9 uniques)	66 (9 uniques)	/	/	/
M1AWT1	19790	13981	13981	13981 (5666 uniques)	13429 (192 uniques)	12662 (202 uniques)	10765 (193 uniques)	10718 (183 uniques)	10718 (183 uniques)	10718 (183 uniques)	10718 (183 uniques)	10718 (183 uniques)	10715 (180 uniques)	8000 (180 uniques)	8000 (154 uniques)	7995 (151 uniques)
M1AWT2	36739	26498	26498	26498 (8920 uniques)	25911 (225 uniques)	24869 (244 uniques)	23646 (233 uniques)	23475 (203 uniques)	23475 (203 uniques)	23475 (203 uniques)	23475 (203 uniques)	23475 (203 uniques)	23474 (202 uniques)	8000 (190 uniques)	8000 (148 uniques)	7996 (144 uniques)
M1AWT3	31619	22044	22044	22044 (9207 uniques)	21280 (206 uniques)	20152 (198 uniques)	19939 (188 uniques)	19909 (182 uniques)	19909 (182 uniques)	19909 (182 uniques)	19909 (182 uniques)	19909 (182 uniques)	19907 (180 uniques)	8000 (174 uniques)	8000 (152 uniques)	7986 (143 uniques)
M1AWT4	3662	174	174	174 (116 uniques)	129 (5 uniques)	120 (4 uniques)	120 (4 uniques)	120 (4 uniques)	120 (4 uniques)	120 (4 uniques)	120 (4 uniques)	120 (4 uniques)	120 (4 uniques)	/	/	/
M1CLT1	2676	259	259	259 (186 uniques)	197 (17 uniques)	115 (10 uniques)	109 (9 uniques)	109 (9 uniques)	109 (9 uniques)	109 (9 uniques)	109 (9 uniques)	109 (9 uniques)	109 (9 uniques)	/	/	/
M1CLT2	32457	22391	22391	22391 (8811 uniques)	21578 (246 uniques)	20302 (242 uniques)	19578 (231 uniques)	19443 (217 uniques)	19443 (217 uniques)	19443 (217 uniques)	19443 (217 uniques)	19443 (217 uniques)	19443 (217 uniques)	8000 (211 uniques)	8000 (184 uniques)	7987 (175 uniques)
M1CLT3	29744	21287	21287	21287 (8932 uniques)	20575 (211 uniques)	19329 (189 uniques)	19079 (179 uniques)	19042 (168 uniques)	19042 (168 uniques)	19042 (168 uniques)	19042 (168 uniques)	19042 (168 uniques)	19042 (168 uniques)	8000 (164 uniques)	8000 (146 uniques)	7988 (138 uniques)
M1CLT4	37315	27795	27795	27795 (8920 uniques)	27041 (244 uniques)	25723 (285 uniques)	25617 (263 uniques)	25093 (226 uniques)	25093 (226 uniques)	25093 (226 uniques)	25093 (226 uniques)	25093 (226 uniques)	25089 (222 uniques)	8000 (208 uniques)	8000 (150 uniques)	7988 (141 uniques)
M1CRT1	507	/	/	/	/	/	/	/	/	/	/	/	/	/	/	/
M1CRT2	33763	23448	23448	23448 (8778 uniques)	22390 (264 uniques)	21031 (255 uniques)	19331 (246 uniques)	18939 (223 uniques)	18939 (223 uniques)	18939 (223 uniques)	18939 (223 uniques)	18939 (223 uniques)	18939 (223 uniques)	8000 (219 uniques)	8000 (179 uniques)	7991 (172 uniques)
M1CRT3	57422	39817	39817	39817 (13439 uniques)	38633 (290 uniques)	37070 (290 uniques)	36412 (279 uniques)	35819 (235 uniques)	35819 (235 uniques)	35819 (235 uniques)	35819 (235 uniques)	35815 (234 uniques)	35813 (232 uniques)	8000 (209 uniques)	8000 (155 uniques)	7988 (145 uniques)
M1CRT4	1380	128	128	128 (94 uniques)	85 (5 uniques)	61 (4 uniques)	61 (4 uniques)	61 (4 uniques)	61 (4 uniques)	61 (4 uniques)	61 (4 uniques)	61 (4 uniques)	61 (4 uniques)	/	/	/
M1OWT1	39085	27451	27451	27451 (13974 uniques)	24167 (532 uniques)	21448 (447 uniques)	21378 (424 uniques)	21284 (415 uniques)	21284 (415 uniques)	21284 (415 uniques)	21284 (415 uniques)	20180 (382 uniques)	20178 (380 uniques)	8000 (349 uniques)	8000 (302 uniques)	7953 (270 uniques)
M1OWT2	1773	/	/	/	/	/	/	/	/	/	/	/	/	/	/	/
M1OWT3	35848	23781	23781	23781 (13076 uniques)	21095 (425 uniques)	18878 (314 uniques)	18868 (296 uniques)	18791 (287 uniques)	18791 (287 uniques)	18791 (287 uniques)	18791 (287 uniques)	18496 (276 uniques)	18496 (276 uniques)	8000 (270 uniques)	8000 (239 uniques)	7955 (207 uniques)
M1OWT4	906	92	92	92 (79 uniques)	51 (5 uniques)	33 (3 uniques)	33 (3 uniques)	33 (3 uniques)	33 (3 uniques)	33 (3 uniques)	33 (3 uniques)	33 (3 uniques)	33 (3 uniques)	/	/	/
M1TWT1	1952	/	/	/	/	/	/	/	/	/	/	/	/	/	/	/
M1TWT2	26692	18073	18073	18073 (8555 uniques)	16277 (354 uniques)	14598 (273 uniques)	14579 (263 uniques)	14552 (256 uniques)	14552 (256 uniques)	14552 (256 uniques)	14552 (256 uniques)	14474 (250 uniques)	14473 (249 uniques)	8000 (244 uniques)	8000 (221 uniques)	7974 (201 uniques)
M1TWT3	36868	24470	24470	24470 (12262 uniques)	22437 (359 uniques)	20654 (288 uniques)	20642 (277 uniques)	20614 (266 uniques)	20614 (266 uniques)	20614 (266 uniques)	20614 (266 uniques)	20414 (257 uniques)	20410 (253 uniques)	8000 (244 uniques)	8000 (217 uniques)	7980 (203 uniques)
M1TWT4	20570	143	143	143 (114 uniques)	95 (6 uniques)	65 (4 uniques)	65 (4 uniques)	65 (4 uniques)	65 (4 uniques)	65 (4 uniques)	65 (4 uniques)	65 (4 uniques)	65 (4 uniques)	/	/	/
M3ALT1	752	82	82	82 (68 uniques)	50 (5 uniques)	43 (3 uniques)	43 (3 uniques)	43 (3 uniques)	43 (3 uniques)	43 (3 uniques)	43 (3 uniques)	43 (3 uniques)	43 (3 uniques)	/	/	/
M3ALT2	472	/	/	/	/	/	/	/	/	/	/	/	/	/	/	/
M3ALT3	221	/	/	/	/	/	/	/	/	/	/	/	/	/	/	/
M3ALT4	55217	37169	37169	37169 (17883 uniques)	33711 (633 uniques)	30410 (483 uniques)	30189 (464 uniques)	29804 (405 uniques)	29804 (405 uniques)	29804 (405 uniques)	29804 (405 uniques)	29760 (400 uniques)	29755 (395 uniques)	8000 (352 uniques)	8000 (323 uniques)	7919 (259 uniques)
M3ART1	4334	2924	2924	2924 (1528 uniques)	2571 (73 uniques)	2290 (47 uniques)	2290 (47 uniques)	2288 (46 uniques)	2288 (46 uniques)	2288 (46 uniques)	2288 (46 uniques)	2269 (44 uniques)	2269 (44 uniques)	/	/	/
M3ART2	699	/	/	/	/	/	/	/	/	/	/	/	/	/	/	/
M3ART3	36411	25366	25366	25366 (6896 uniques)	24964 (120 uniques)	24448 (149 uniques)	24405 (143 uniques)	23771 (97 uniques)	23771 (97 uniques)	23771 (97 uniques)	23771 (97 uniques)	23771 (97 uniques)	23770 (96 uniques)	8000 (92 uniques)	8000 (69 uniques)	7995 (66 uniques)
M3ART4	239	/	/	/	/	/	/	/	/	/	/	/	/	/	/	/
M3AWT1	1031	/	/	/	/	/	/	/	/	/	/	/	/	/	/	/
M3AWT2	525	/	/	/	/	/	/	/	/	/	/	/	/	/	/	/
M3AWT3	16693	11937	11937	11937 (5168 uniques)	11180 (259 uniques)	10426 (193 uniques)	10228 (186 uniques)	10216 (183 uniques)	10216 (183 uniques)	10216 (183 uniques)	10216 (183 uniques)	10178 (178 uniques)	10178 (178 uniques)	8000 (177 uniques)	8000 (171 uniques)	7964 (150 uniques)
M3AWT4	29403	22390	22390	22390 (5503 uniques)	22052 (105 uniques)	21620 (142 uniques)	21614 (140 uniques)	21078 (100 uniques)	21078 (100 uniques)	21078 (100 uniques)	21078 (100 uniques)	21078 (100 uniques)	21075 (97 uniques)	8000 (91 uniques)	8000 (63 uniques)	7996 (59 uniques)
M3CLT1	996	/	/	/	/	/	/	/	/	/	/	/	/	/	/	/
M3CLT2	358	/	/	/	/	/	/	/	/	/	/	/	/	/	/	/
M3CLT3	15663	10860	10860	10860 (4998 uniques)	10225 (143 uniques)	9590 (109 uniques)	8486 (105 uniques)	8467 (99 uniques)	8467 (99 uniques)	8467 (99 uniques)	8467 (99 uniques)	8467 (99 uniques)	8467 (99 uniques)	8000 (99 uniques)	8000 (96 uniques)	7989 (90 uniques)
M3CLT4	39475	27992	27992	27992 (10501 uniques)	26961 (203 uniques)	26110 (236 uniques)	26024 (221 uniques)	25575 (184 uniques)	25575 (184 uniques)	25575 (184 uniques)	25575 (184 uniques)	25553 (182 uniques)	25550 (179 uniques)	8000 (158 uniques)	8000 (124 uniques)	7979 (109 uniques)
M3CRT1	283	/	/	/	/	/	/	/	/	/	/	/	/	/	/	/
M3CRT2	699	/	/	/	/	/	/	/	/	/	/	/	/	/	/	/
M3CRT3	37202	26439	26439	26439 (7389 uniques)	26102 (95 uniques)	25540 (133 uniques)	25540 (130 uniques)	25021 (92 uniques)	25021 (92 uniques)	25021 (92 uniques)	25021 (92 uniques)	25021 (92 uniques)	25020 (91 uniques)	8000 (86 uniques)	8000 (61 uniques)	7994 (57 uniques)
M3CRT4	30624	21939	21939	21939 (7924 uniques)	21107 (165 uniques)	20442 (153 uniques)	20399 (149 uniques)	20203 (123 uniques)	20203 (123 uniques)	20203 (123 uniques)	20203 (123 uniques)	20203 (123 uniques)	20203 (123 uniques)	8000 (112 uniques)	8000 (96 uniques)	7990 (90 uniques)
M3CWT2	15721	/	/	/	/	/	/	/	/	/	/	/	/	/	/	/
M3CWT3	19135	13117	13117	13117 (6877 uniques)	11526 (283 uniques)	10332 (205 uniques)	10280 (198 uniques)	10266 (192 uniques)	10266 (192 uniques)	10266 (192 uniques)	10266 (192 uniques)	10264 (191 uniques)	10264 (191 uniques)	8000 (190 uniques)	8000 (180 uniques)	7973 (163 uniques)
M3OWT1	441	/	/	/	/	/	/	/	/	/	/	/	/	/	/	/
M3OWT2	46991	32412	32412	32412 (12651 uniques)	29553 (538 uniques)	26598 (431 uniques)	26592 (421 uniques)	26268 (384 uniques)	26268 (384 uniques)	26268 (384 uniques)	26268 (384 uniques)	26220 (377 uniques)	26214 (371 uniques)	8000 (333 uniques)	8000 (294 uniques)	7956 (263 uniques)
M3OWT3	1322	/	/	/	/	/	/	/	/	/	/	/	/	/	/	/
M3OWT4	284	/	/	/	/	/	/	/	/	/	/	/	/	/	/	/
M3TWT1	22136	15306	15306	15306 (6462 uniques)	14146 (249 uniques)	13259 (205 uniques)	13231 (194 uniques)	13014 (172 uniques)	13014 (172 uniques)	13014 (172 uniques)	13014 (172 uniques)	12960 (169 uniques)	12960 (169 uniques)	8000 (167 uniques)	8000 (148 uniques)	7982 (137 uniques)
M3TWT2	39561	27346	27346	27346 (9783 uniques)	25763 (335 uniques)	24479 (361 uniques)	24479 (342 uniques)	24047 (297 uniques)	24047 (297 uniques)	24047 (297 uniques)	24047 (297 uniques)	24011 (292 uniques)	24004 (285 uniques)	8000 (248 uniques)	8000 (204 uniques)	7973 (186 uniques)
M3TWT3	4042	305	305	305 (189 uniques)	221 (17 uniques)	199 (16 uniques)	151 (12 uniques)	151 (12 uniques)	151 (12 uniques)	151 (12 uniques)	151 (12 uniques)	151 (12 uniques)	151 (12 uniques)	/	/	/
M3TWT4	272	/	/	/	/	/	/	/	/	/	/	/	/	/	/	/
MCR_LTER_FR15	47138	32462	32462	32462 (15324 uniques)	31218 (306 uniques)	30137 (367 uniques)	30135 (338 uniques)	30035 (317 uniques)	30035 (317 uniques)	30035 (317 uniques)	30035 (317 uniques)	28070 (278 uniques)	28065 (273 uniques)	8000 (243 uniques)	8000 (192 uniques)	7990 (183 uniques)
MCR_LTER_FR30	49369	34175	34175	34175 (16422 uniques)	32882 (336 uniques)	31754 (393 uniques)	31754 (356 uniques)	31687 (335 uniques)	31687 (335 uniques)	31687 (335 uniques)	31687 (335 uniques)	29543 (298 uniques)	29540 (295 uniques)	8000 (266 uniques)	8000 (202 uniques)	7977 (185 uniques)
MCR_LTER_FR48	47020	32438	32438	32438 (15484 uniques)	31147 (333 uniques)	29828 (373 uniques)	29828 (346 uniques)	29705 (330 uniques)	29705 (330 uniques)	29705 (330 uniques)	29705 (330 uniques)	27824 (296 uniques)	27822 (294 uniques)	8000 (265 uniques)	8000 (204 uniques)	7981 (189 uniques)
MOCKPlateIII_SA506_SB701	4456	2673	2673	2673 (1030 uniques)	2662 (17 uniques)	2659 (17 uniques)	2649 (16 uniques)	2645 (15 uniques)	2645 (15 uniques)	2645 (15 uniques)	2645 (15 uniques)	2645 (15 uniques)	2645 (15 uniques)	/	/	/
MOCKPlateIII_SC508_SC711	38267	22915	22915	22915 (7138 uniques)	22768 (56 uniques)	22361 (97 uniques)	22361 (97 uniques)	21657 (45 uniques)	21657 (45 uniques)	21657 (45 uniques)	21657 (45 uniques)	21657 (45 uniques)	21652 (40 uniques)	8000 (40 uniques)	8000 (23 uniques)	7999 (22 uniques)
MOCKPlateV	26449	16259	16259	16259 (5697 uniques)	16117 (37 uniques)	15878 (48 uniques)	15842 (47 uniques)	15530 (26 uniques)	15530 (26 uniques)	15530 (26 uniques)	15530 (26 uniques)	15530 (26 uniques)	15530 (26 uniques)	8000 (26 uniques)	8000 (19 uniques)	8000 (19 uniques)
MOCKPlateVII	60613	/	/	/	/	/	/	/	/	/	/	/	/	/	/	/
Mordor1CWT1	463	/	/	/	/	/	/	/	/	/	/	/	/	/	/	/
Mordor1CWT2	734	/	/	/	/	/	/	/	/	/	/	/	/	/	/	/
Mordor1CWT4	21631	15168	15168	15168 (4046 uniques)	14711 (119 uniques)	14333 (132 uniques)	14298 (118 uniques)	14183 (113 uniques)	14183 (113 uniques)	14183 (113 uniques)	14183 (113 uniques)	14183 (113 uniques)	14183 (113 uniques)	8000 (110 uniques)	8000 (85 uniques)	7987 (77 uniques)
Mordor1_M1CWT3	47079	33639	33639	33639 (10965 uniques)	32456 (262 uniques)	31297 (255 uniques)	30761 (242 uniques)	30368 (205 uniques)	30368 (205 uniques)	30368 (205 uniques)	30368 (205 uniques)	30368 (205 uniques)	30368 (205 uniques)	8000 (182 uniques)	8000 (149 uniques)	7980 (136 uniques)
Mordor2_CW_2_T1	194	/	/	/	/	/	/	/	/	/	/	/	/	/	/	/
Mordor2_CW_2_T3	34950	23875	23875	23875 (7864 uniques)	23099 (188 uniques)	22496 (161 uniques)	22391 (157 uniques)	22295 (140 uniques)	22295 (140 uniques)	22295 (140 uniques)	22295 (140 uniques)	22295 (140 uniques)	22295 (140 uniques)	8000 (131 uniques)	8000 (121 uniques)	7978 (107 uniques)
Mordor3_M3CWT1	990	/	/	/	/	/	/	/	/	/	/	/	/	/	/	/
Mordor3_M3CWT4	26795	19712	19712	19712 (5688 uniques)	19512 (90 uniques)	19167 (124 uniques)	19167 (122 uniques)	18741 (81 uniques)	18741 (81 uniques)	18741 (81 uniques)	18741 (81 uniques)	18741 (81 uniques)	18740 (80 uniques)	8000 (75 uniques)	8000 (50 uniques)	7993 (46 uniques)
NTC1PlateVIII	47674	/	/	/	/	/	/	/	/	/	/	/	/	/	/	/
NTC2PlateVIII	62752	189	189	189 (106 uniques)	168 (3 uniques)	168 (3 uniques)	168 (3 uniques)	168 (3 uniques)	168 (3 uniques)	168 (3 uniques)	168 (3 uniques)	168 (3 uniques)	168 (3 uniques)	/	/	/
NTC3PlateVIII	40209	138	138	138 (88 uniques)	122 (3 uniques)	122 (3 uniques)	122 (3 uniques)	122 (3 uniques)	122 (3 uniques)	122 (3 uniques)	122 (3 uniques)	122 (3 uniques)	122 (3 uniques)	/	/	/
NTC4PlateVIII	17224	137	137	137 (84 uniques)	119 (3 uniques)	119 (3 uniques)	119 (3 uniques)	119 (3 uniques)	119 (3 uniques)	119 (3 uniques)	119 (3 uniques)	119 (3 uniques)	119 (3 uniques)	/	/	/
NTC5PlateVIII	16887	101	101	101 (69 uniques)	88 (4 uniques)	88 (4 uniques)	88 (4 uniques)	88 (4 uniques)	88 (4 uniques)	88 (4 uniques)	88 (4 uniques)	88 (4 uniques)	88 (4 uniques)	/	/	/
NTC6PlateVIII	3909	85	85	85 (55 uniques)	62 (3 uniques)	62 (3 uniques)	62 (3 uniques)	62 (3 uniques)	62 (3 uniques)	62 (3 uniques)	62 (3 uniques)	62 (3 uniques)	62 (3 uniques)	/	/	/
NTCAPlateIII	6752	3174	3174	3174 (1409 uniques)	3131 (21 uniques)	3127 (23 uniques)	3127 (23 uniques)	3127 (23 uniques)	3127 (23 uniques)	3127 (23 uniques)	3127 (23 uniques)	3066 (22 uniques)	3066 (22 uniques)	/	/	/
NTCAPlateIV	19015	12161	12161	12161 (2733 uniques)	11995 (23 uniques)	11916 (41 uniques)	178 (7 uniques)	178 (7 uniques)	178 (7 uniques)	178 (7 uniques)	178 (7 uniques)	139 (6 uniques)	139 (6 uniques)	/	/	/
NTCAPlateV	9319	612	612	612 (284 uniques)	596 (8 uniques)	596 (8 uniques)	201 (5 uniques)	201 (5 uniques)	201 (5 uniques)	201 (5 uniques)	201 (5 uniques)	201 (5 uniques)	201 (5 uniques)	/	/	/
NTCAPlateVII	382	60	60	60 (49 uniques)	28 (3 uniques)	20 (2 uniques)	20 (2 uniques)	20 (2 uniques)	20 (2 uniques)	20 (2 uniques)	20 (2 uniques)	20 (2 uniques)	20 (2 uniques)	/	/	/
NTCBPlateIV	2238	445	445	445 (153 uniques)	435 (5 uniques)	431 (4 uniques)	108 (2 uniques)	108 (2 uniques)	108 (2 uniques)	108 (2 uniques)	108 (2 uniques)	108 (2 uniques)	108 (2 uniques)	/	/	/
NTCCPlateIV	3061	1004	1004	1004 (336 uniques)	996 (9 uniques)	992 (8 uniques)	522 (6 uniques)	522 (6 uniques)	522 (6 uniques)	522 (6 uniques)	522 (6 uniques)	522 (6 uniques)	522 (6 uniques)	/	/	/
OW_2_T1	35530	24851	24851	24851 (12084 uniques)	22283 (409 uniques)	20284 (301 uniques)	20284 (290 uniques)	20244 (275 uniques)	20244 (275 uniques)	20244 (275 uniques)	20244 (275 uniques)	19693 (256 uniques)	19693 (256 uniques)	8000 (244 uniques)	8000 (228 uniques)	7964 (204 uniques)
OW_2_T2	39339	27496	27496	27496 (12839 uniques)	24917 (408 uniques)	22413 (312 uniques)	22413 (304 uniques)	22222 (281 uniques)	22222 (281 uniques)	22222 (281 uniques)	22222 (281 uniques)	22171 (278 uniques)	22171 (278 uniques)	8000 (254 uniques)	8000 (236 uniques)	7965 (213 uniques)
OW_2_T3	31982	22091	22091	22091 (9876 uniques)	20077 (361 uniques)	18410 (269 uniques)	18410 (262 uniques)	18383 (251 uniques)	18383 (251 uniques)	18383 (251 uniques)	18383 (251 uniques)	18115 (239 uniques)	18115 (239 uniques)	8000 (228 uniques)	8000 (220 uniques)	7964 (194 uniques)
OW_2_T4	37215	27309	27309	27309 (8479 uniques)	26119 (219 uniques)	25349 (196 uniques)	25349 (196 uniques)	24814 (163 uniques)	24814 (163 uniques)	24814 (163 uniques)	24814 (163 uniques)	24110 (153 uniques)	24107 (150 uniques)	8000 (137 uniques)	8000 (122 uniques)	7984 (110 uniques)
SB508_SC710	30098	19706	19706	19706 (6492 uniques)	19568 (53 uniques)	19259 (70 uniques)	19237 (69 uniques)	18605 (26 uniques)	18605 (26 uniques)	18605 (26 uniques)	18605 (26 uniques)	18605 (26 uniques)	18605 (26 uniques)	8000 (26 uniques)	8000 (19 uniques)	8000 (19 uniques)
SURFlag01	479	/	/	/	/	/	/	/	/	/	/	/	/	/	/	/
SURFlag02	43279	29372	29372	29372 (15819 uniques)	27205 (513 uniques)	25173 (486 uniques)	25153 (445 uniques)	25129 (433 uniques)	25129 (433 uniques)	25129 (433 uniques)	25129 (433 uniques)	23332 (402 uniques)	23330 (400 uniques)	8000 (374 uniques)	8000 (291 uniques)	7949 (254 uniques)
SURFlag03	41396	29070	29070	29070 (16277 uniques)	25706 (605 uniques)	22376 (549 uniques)	22376 (525 uniques)	22177 (475 uniques)	22177 (475 uniques)	22177 (475 uniques)	22177 (475 uniques)	20882 (436 uniques)	20881 (435 uniques)	8000 (408 uniques)	8000 (331 uniques)	7942 (291 uniques)
SURFlag04	36485	25123	25123	25123 (14552 uniques)	22186 (589 uniques)	18975 (488 uniques)	18975 (471 uniques)	18906 (449 uniques)	18906 (449 uniques)	18906 (449 uniques)	18906 (449 uniques)	17347 (402 uniques)	17346 (401 uniques)	8000 (388 uniques)	8000 (329 uniques)	7940 (291 uniques)
SURFlag05	41796	27971	27971	27971 (14804 uniques)	25222 (619 uniques)	22400 (556 uniques)	22388 (530 uniques)	22363 (516 uniques)	22363 (516 uniques)	22363 (516 uniques)	22363 (516 uniques)	20519 (478 uniques)	20519 (478 uniques)	8000 (447 uniques)	8000 (368 uniques)	7953 (331 uniques)
SURFlag06	170	/	/	/	/	/	/	/	/	/	/	/	/	/	/	/
SURFlag15	141	/	/	/	/	/	/	/	/	/	/	/	/	/	/	/
SURFlag16	127	/	/	/	/	/	/	/	/	/	/	/	/	/	/	/
SURFlag17	237	/	/	/	/	/	/	/	/	/	/	/	/	/	/	/
SURFlag18	122	/	/	/	/	/	/	/	/	/	/	/	/	/	/	/
SURFlag19	269	/	/	/	/	/	/	/	/	/	/	/	/	/	/	/
SURFlag20	350	/	/	/	/	/	/	/	/	/	/	/	/	/	/	/
Spiffy1	31748	21570	21570	21570 (7681 uniques)	20780 (162 uniques)	20227 (149 uniques)	20225 (142 uniques)	20089 (119 uniques)	20089 (119 uniques)	20089 (119 uniques)	20089 (119 uniques)	19943 (112 uniques)	19943 (112 uniques)	8000 (108 uniques)	8000 (99 uniques)	7992 (93 uniques)
Spiffy10	40702	28486	28486	28486 (13653 uniques)	25667 (451 uniques)	23132 (337 uniques)	23122 (321 uniques)	23045 (307 uniques)	23045 (307 uniques)	23045 (307 uniques)	23045 (307 uniques)	22440 (292 uniques)	22440 (292 uniques)	8000 (272 uniques)	8000 (249 uniques)	7948 (212 uniques)
Spiffy11	42076	28503	28503	28503 (12643 uniques)	26430 (329 uniques)	24933 (296 uniques)	24931 (279 uniques)	24809 (253 uniques)	24809 (253 uniques)	24809 (253 uniques)	24809 (253 uniques)	24434 (240 uniques)	24433 (239 uniques)	8000 (213 uniques)	8000 (197 uniques)	7978 (180 uniques)
Spiffy12	30724	21680	21680	21680 (8838 uniques)	20517 (243 uniques)	19779 (221 uniques)	19779 (211 uniques)	19706 (195 uniques)	19706 (195 uniques)	19706 (195 uniques)	19706 (195 uniques)	19480 (182 uniques)	19480 (182 uniques)	8000 (168 uniques)	8000 (155 uniques)	7986 (146 uniques)
Spiffy13	39026	25957	25957	25957 (10098 uniques)	24997 (208 uniques)	24326 (203 uniques)	24326 (195 uniques)	24202 (169 uniques)	24202 (169 uniques)	24202 (169 uniques)	24202 (169 uniques)	23951 (159 uniques)	23951 (159 uniques)	8000 (149 uniques)	8000 (140 uniques)	7988 (132 uniques)
Spiffy14	25771	18154	18154	18154 (7746 uniques)	17294 (206 uniques)	16724 (196 uniques)	16724 (189 uniques)	16706 (180 uniques)	16706 (180 uniques)	16706 (180 uniques)	16706 (180 uniques)	16556 (172 uniques)	16556 (172 uniques)	8000 (168 uniques)	8000 (158 uniques)	7975 (138 uniques)
Spiffy15	21962	14615	14615	14615 (6197 uniques)	13944 (176 uniques)	13577 (160 uniques)	13577 (153 uniques)	13554 (144 uniques)	13554 (144 uniques)	13554 (144 uniques)	13554 (144 uniques)	13439 (138 uniques)	13439 (138 uniques)	8000 (135 uniques)	8000 (123 uniques)	7989 (116 uniques)
Spiffy16	34064	22462	22462	22462 (8793 uniques)	21465 (197 uniques)	20874 (192 uniques)	20874 (183 uniques)	20826 (172 uniques)	20826 (172 uniques)	20826 (172 uniques)	20826 (172 uniques)	20696 (164 uniques)	20696 (164 uniques)	8000 (158 uniques)	8000 (147 uniques)	7992 (139 uniques)
Spiffy17	43476	28114	28114	28114 (10287 uniques)	27340 (190 uniques)	26732 (191 uniques)	26730 (182 uniques)	26618 (161 uniques)	26618 (161 uniques)	26618 (161 uniques)	26618 (161 uniques)	26473 (154 uniques)	26473 (154 uniques)	8000 (145 uniques)	8000 (133 uniques)	7992 (127 uniques)
Spiffy18	59282	37805	37805	37805 (13669 uniques)	36641 (261 uniques)	35748 (242 uniques)	35748 (230 uniques)	35590 (202 uniques)	35590 (202 uniques)	35590 (202 uniques)	35590 (202 uniques)	35412 (193 uniques)	35412 (193 uniques)	8000 (174 uniques)	8000 (154 uniques)	7985 (143 uniques)
Spiffy19	47736	33767	33767	33767 (11756 uniques)	32519 (290 uniques)	31467 (253 uniques)	31467 (243 uniques)	31361 (218 uniques)	31361 (218 uniques)	31361 (218 uniques)	31361 (218 uniques)	31156 (209 uniques)	31155 (208 uniques)	8000 (189 uniques)	8000 (176 uniques)	7979 (159 uniques)
Spiffy2	24307	17334	17334	17334 (6310 uniques)	16703 (149 uniques)	16316 (157 uniques)	16316 (150 uniques)	16255 (132 uniques)	16255 (132 uniques)	16255 (132 uniques)	16255 (132 uniques)	16119 (126 uniques)	16118 (125 uniques)	8000 (119 uniques)	8000 (109 uniques)	7992 (103 uniques)
Spiffy20	54959	37740	37740	37740 (13297 uniques)	36553 (278 uniques)	35675 (284 uniques)	35675 (272 uniques)	35540 (245 uniques)	35540 (245 uniques)	35540 (245 uniques)	35540 (245 uniques)	34914 (228 uniques)	34914 (228 uniques)	8000 (194 uniques)	8000 (175 uniques)	7984 (163 uniques)
Spiffy3	18597	12690	12690	12690 (4938 uniques)	12172 (132 uniques)	11875 (122 uniques)	11875 (116 uniques)	11848 (111 uniques)	11848 (111 uniques)	11848 (111 uniques)	11848 (111 uniques)	11517 (97 uniques)	11517 (97 uniques)	8000 (97 uniques)	8000 (91 uniques)	7998 (89 uniques)
Spiffy4	23676	15817	15817	15817 (6256 uniques)	15147 (156 uniques)	14752 (146 uniques)	14752 (139 uniques)	14722 (129 uniques)	14722 (129 uniques)	14722 (129 uniques)	14722 (129 uniques)	14514 (122 uniques)	14514 (122 uniques)	8000 (118 uniques)	8000 (109 uniques)	7993 (103 uniques)
Spiffy5	37078	24642	24642	24642 (8748 uniques)	23873 (183 uniques)	23463 (174 uniques)	23463 (165 uniques)	23385 (150 uniques)	23385 (150 uniques)	23385 (150 uniques)	23385 (150 uniques)	23123 (142 uniques)	23123 (142 uniques)	8000 (133 uniques)	8000 (125 uniques)	7992 (118 uniques)
Spiffy6	46715	31686	31686	31686 (12799 uniques)	29923 (328 uniques)	28176 (257 uniques)	28174 (246 uniques)	28034 (219 uniques)	28034 (219 uniques)	28034 (219 uniques)	28034 (219 uniques)	27808 (209 uniques)	27804 (205 uniques)	8000 (181 uniques)	8000 (167 uniques)	7967 (141 uniques)
Spiffy7	37779	27780	27780	27780 (11782 uniques)	25994 (327 uniques)	24616 (273 uniques)	24616 (260 uniques)	24579 (248 uniques)	24579 (248 uniques)	24579 (248 uniques)	24579 (248 uniques)	24052 (229 uniques)	24051 (228 uniques)	8000 (206 uniques)	8000 (194 uniques)	7961 (167 uniques)
Spiffy8	42085	30432	30432	30432 (13092 uniques)	28343 (332 uniques)	26679 (264 uniques)	26679 (250 uniques)	26635 (237 uniques)	26635 (237 uniques)	26635 (237 uniques)	26635 (237 uniques)	26331 (228 uniques)	26330 (227 uniques)	8000 (212 uniques)	8000 (191 uniques)	7963 (167 uniques)
Spiffy9	54272	37023	37023	37023 (15043 uniques)	34706 (405 uniques)	32834 (307 uniques)	32797 (293 uniques)	32739 (275 uniques)	32739 (275 uniques)	32739 (275 uniques)	32739 (275 uniques)	32336 (264 uniques)	32336 (264 uniques)	8000 (232 uniques)	8000 (215 uniques)	7972 (193 uniques)
TW_2_T1	201	/	/	/	/	/	/	/	/	/	/	/	/	/	/	/
TW_2_T2	25028	17829	17829	17829 (8759 uniques)	16129 (322 uniques)	14767 (251 uniques)	14761 (242 uniques)	14715 (230 uniques)	14715 (230 uniques)	14715 (230 uniques)	14715 (230 uniques)	14604 (224 uniques)	14604 (224 uniques)	8000 (215 uniques)	8000 (207 uniques)	7967 (186 uniques)
TW_2_T3	43680	30692	30692	30692 (9657 uniques)	29588 (240 uniques)	28624 (225 uniques)	28624 (223 uniques)	28208 (196 uniques)	28208 (196 uniques)	28208 (196 uniques)	28208 (196 uniques)	28141 (193 uniques)	28136 (188 uniques)	8000 (169 uniques)	8000 (143 uniques)	7982 (131 uniques)
TW_2_T4	43040	29228	29228	29228 (14349 uniques)	26011 (545 uniques)	23630 (444 uniques)	23620 (426 uniques)	23530 (407 uniques)	23530 (407 uniques)	23530 (407 uniques)	23530 (407 uniques)	21397 (360 uniques)	21395 (358 uniques)	8000 (335 uniques)	8000 (311 uniques)	7939 (268 uniques)
WATFlag01	44811	30789	30789	30789 (15292 uniques)	29177 (377 uniques)	27584 (384 uniques)	27584 (362 uniques)	27516 (343 uniques)	27516 (343 uniques)	27516 (343 uniques)	27516 (343 uniques)	24133 (314 uniques)	24131 (312 uniques)	8000 (295 uniques)	8000 (246 uniques)	7971 (225 uniques)
WATFlag02	36411	24999	24999	24999 (12022 uniques)	23841 (341 uniques)	22477 (329 uniques)	22477 (315 uniques)	22433 (300 uniques)	22433 (300 uniques)	22433 (300 uniques)	22433 (300 uniques)	20979 (277 uniques)	20979 (277 uniques)	8000 (263 uniques)	8000 (225 uniques)	7978 (210 uniques)
WATFlag03	40590	28457	28457	28457 (14154 uniques)	26780 (404 uniques)	25250 (398 uniques)	25250 (369 uniques)	25195 (352 uniques)	25195 (352 uniques)	25195 (352 uniques)	25195 (352 uniques)	22643 (317 uniques)	22643 (317 uniques)	8000 (299 uniques)	8000 (254 uniques)	7963 (228 uniques)
WATFlag04	47440	32929	32929	32929 (16205 uniques)	31271 (427 uniques)	29408 (455 uniques)	29408 (431 uniques)	29310 (402 uniques)	29310 (402 uniques)	29310 (402 uniques)	29310 (402 uniques)	26635 (367 uniques)	26634 (366 uniques)	8000 (340 uniques)	8000 (284 uniques)	7973 (264 uniques)
WATFlag05	52683	35275	35275	35275 (16842 uniques)	33469 (415 uniques)	31699 (431 uniques)	31699 (398 uniques)	31558 (370 uniques)	31558 (370 uniques)	31558 (370 uniques)	31558 (370 uniques)	27447 (331 uniques)	27446 (330 uniques)	8000 (310 uniques)	8000 (257 uniques)	7974 (242 uniques)
WATFlag06	40581	26956	26956	26956 (13244 uniques)	25574 (367 uniques)	24173 (374 uniques)	24173 (354 uniques)	24099 (329 uniques)	24099 (329 uniques)	24099 (329 uniques)	24099 (329 uniques)	21737 (300 uniques)	21736 (299 uniques)	8000 (280 uniques)	8000 (238 uniques)	7974 (220 uniques)
WATFlag15	49137	33505	33505	33505 (14983 uniques)	31998 (366 uniques)	30435 (349 uniques)	30435 (329 uniques)	30366 (313 uniques)	30366 (313 uniques)	30366 (313 uniques)	30366 (313 uniques)	27321 (275 uniques)	27321 (275 uniques)	8000 (257 uniques)	8000 (218 uniques)	7983 (206 uniques)
WATFlag16	49599	34278	34278	34278 (16417 uniques)	32733 (419 uniques)	31069 (454 uniques)	31069 (425 uniques)	30982 (399 uniques)	30982 (399 uniques)	30982 (399 uniques)	30982 (399 uniques)	28777 (363 uniques)	28775 (361 uniques)	8000 (335 uniques)	8000 (266 uniques)	7979 (250 uniques)
WATFlag17	49790	34588	34588	34588 (16093 uniques)	33119 (371 uniques)	31676 (385 uniques)	31676 (357 uniques)	31608 (338 uniques)	31608 (338 uniques)	31608 (338 uniques)	31608 (338 uniques)	28813 (305 uniques)	28812 (304 uniques)	8000 (281 uniques)	8000 (240 uniques)	7983 (227 uniques)
WATFlag18	46215	33041	33041	33041 (15343 uniques)	31401 (418 uniques)	29953 (414 uniques)	29953 (387 uniques)	29871 (373 uniques)	29871 (373 uniques)	29871 (373 uniques)	29871 (373 uniques)	26446 (329 uniques)	26446 (329 uniques)	8000 (301 uniques)	8000 (261 uniques)	7974 (243 uniques)
WATFlag19	39143	27496	27496	27496 (13447 uniques)	26153 (378 uniques)	24707 (360 uniques)	24705 (336 uniques)	24685 (327 uniques)	24685 (327 uniques)	24685 (327 uniques)	24685 (327 uniques)	22198 (298 uniques)	22198 (298 uniques)	8000 (282 uniques)	8000 (243 uniques)	7976 (229 uniques)
WATFlag20	84810	57038	57038	57038 (26246 uniques)	54701 (602 uniques)	51997 (628 uniques)	51992 (583 uniques)	51852 (541 uniques)	51852 (541 uniques)	51852 (541 uniques)	51852 (541 uniques)	48507 (498 uniques)	48502 (493 uniques)	8000 (423 uniques)	8000 (338 uniques)	7965 (312 uniques)
mixed_samples_SB505_SC701	164	/	/	/	/	/	/	/	/	/	/	/	/	/	/	/
mixed_samples_SB505_SC702	35105	26082	26082	26082 (10488 uniques)	24750 (325 uniques)	23554 (315 uniques)	22813 (297 uniques)	22620 (278 uniques)	22620 (278 uniques)	22620 (278 uniques)	22620 (278 uniques)	22529 (273 uniques)	22527 (271 uniques)	8000 (243 uniques)	8000 (212 uniques)	7969 (189 uniques)
mixed_samples_SB505_SC703	28845	20407	20407	20407 (7721 uniques)	19509 (273 uniques)	18531 (272 uniques)	15149 (249 uniques)	15080 (231 uniques)	15080 (231 uniques)	15080 (231 uniques)	15080 (231 uniques)	15063 (229 uniques)	15062 (228 uniques)	8000 (223 uniques)	8000 (192 uniques)	7988 (184 uniques)
noprimers_SA507_SB701	59	/	/	/	/	/	/	/	/	/	/	/	/	/	/	/
noprimers_SC508_SA712	180	/	/	/	/	/	/	/	/	/	/	/	/	/	/	/
